cust_id,recommended_product
12718512,ind_cco_fin_ult1
12716301,ind_cco_fin_ult1
12725361,ind_cco_fin_ult1
12716188,ind_cco_fin_ult1
12720024,ind_cco_fin_ult1
12718220,ind_cco_fin_ult1
12721953,ind_cco_fin_ult1
12715863,ind_cco_fin_ult1
12723608,ind_cco_fin_ult1
12720309,ind_cco_fin_ult1
12720599,ind_cco_fin_ult1
12722099,ind_cco_fin_ult1
12718982,ind_cco_fin_ult1
12719912,ind_cco_fin_ult1
12721708,ind_cco_fin_ult1
12716484,ind_cco_fin_ult1
12724401,ind_cco_fin_ult1
12718337,ind_cco_fin_ult1
12725599,ind_cco_fin_ult1
12717191,ind_cco_fin_ult1
12718539,ind_cco_fin_ult1
12720422,ind_cco_fin_ult1
12718370,ind_cco_fin_ult1
12725209,ind_cco_fin_ult1
12717763,ind_cco_fin_ult1
12718658,ind_cco_fin_ult1
12722746,ind_cco_fin_ult1
12716640,ind_cco_fin_ult1
12725345,ind_cco_fin_ult1
12722749,ind_cco_fin_ult1
12719966,ind_cco_fin_ult1
12723497,ind_cco_fin_ult1
12724429,ind_cco_fin_ult1
12725057,ind_cco_fin_ult1
12721097,ind_cco_fin_ult1
12717783,ind_cco_fin_ult1
12722148,ind_cco_fin_ult1
12723937,ind_cco_fin_ult1
12722566,ind_cco_fin_ult1
12720613,ind_cco_fin_ult1
12716402,ind_cco_fin_ult1
12718898,ind_cco_fin_ult1
12717715,ind_cco_fin_ult1
12720981,ind_cco_fin_ult1
12724144,ind_cco_fin_ult1
12718941,ind_cco_fin_ult1
12718230,ind_cco_fin_ult1
12722264,ind_cco_fin_ult1
12722655,ind_cco_fin_ult1
12722768,ind_cco_fin_ult1
12724626,ind_cco_fin_ult1
12724061,ind_cco_fin_ult1
12721195,ind_cco_fin_ult1
12720713,ind_cco_fin_ult1
12725691,ind_cco_fin_ult1
12720540,ind_cco_fin_ult1
12720243,ind_cco_fin_ult1
12717803,ind_cco_fin_ult1
12723835,ind_cco_fin_ult1
12717985,ind_cco_fin_ult1
12722762,ind_cco_fin_ult1
12723755,ind_cco_fin_ult1
12720136,ind_cco_fin_ult1
12719839,ind_cco_fin_ult1
12721224,ind_cco_fin_ult1
12721920,ind_cco_fin_ult1
12719309,ind_cco_fin_ult1
12718961,ind_cco_fin_ult1
12719532,ind_cco_fin_ult1
12722373,ind_cco_fin_ult1
12722271,ind_cco_fin_ult1
12718932,ind_cco_fin_ult1
12718759,ind_cco_fin_ult1
12724801,ind_cco_fin_ult1
12721191,ind_cco_fin_ult1
12719184,ind_cco_fin_ult1
12718598,ind_cco_fin_ult1
12725259,ind_cco_fin_ult1
12720631,ind_cco_fin_ult1
12720601,ind_cco_fin_ult1
12720028,ind_cco_fin_ult1
12723564,ind_cco_fin_ult1
12721595,ind_cco_fin_ult1
12722377,ind_cco_fin_ult1
12721944,ind_cco_fin_ult1
12722672,ind_cco_fin_ult1
12716605,ind_cco_fin_ult1
12719340,ind_cco_fin_ult1
12716655,ind_cco_fin_ult1
12721706,ind_cco_fin_ult1
12718171,ind_cco_fin_ult1
12716372,ind_cco_fin_ult1
12720928,ind_cco_fin_ult1
12718299,ind_cco_fin_ult1
12725435,ind_cco_fin_ult1
12724850,ind_cco_fin_ult1
12717438,ind_cco_fin_ult1
12716300,ind_cco_fin_ult1
12719561,ind_cco_fin_ult1
12716497,ind_cco_fin_ult1
12718517,ind_cco_fin_ult1
12725076,ind_cco_fin_ult1
12721878,ind_cco_fin_ult1
12723021,ind_cco_fin_ult1
12716837,ind_cco_fin_ult1
12724156,ind_cco_fin_ult1
12724766,ind_cco_fin_ult1
12725596,ind_cco_fin_ult1
12722849,ind_cco_fin_ult1
12717716,ind_cco_fin_ult1
12719410,ind_cco_fin_ult1
12725126,ind_cco_fin_ult1
12721371,ind_cco_fin_ult1
12717455,ind_cco_fin_ult1
12716776,ind_cco_fin_ult1
12725349,ind_cco_fin_ult1
12716761,ind_cco_fin_ult1
12716579,ind_cco_fin_ult1
12724718,ind_cco_fin_ult1
12721361,ind_cco_fin_ult1
12718716,ind_cco_fin_ult1
12724770,ind_cco_fin_ult1
12716350,ind_cco_fin_ult1
12725485,ind_cco_fin_ult1
12723108,ind_cco_fin_ult1
12718615,ind_cco_fin_ult1
12718054,ind_cco_fin_ult1
12721183,ind_cco_fin_ult1
12724962,ind_cco_fin_ult1
12720089,ind_cco_fin_ult1
12718046,ind_cco_fin_ult1
12718014,ind_cco_fin_ult1
12720656,ind_cco_fin_ult1
12725439,ind_cco_fin_ult1
12716943,ind_cco_fin_ult1
12717594,ind_cco_fin_ult1
12716225,ind_cco_fin_ult1
12716077,ind_cco_fin_ult1
12717516,ind_cco_fin_ult1
12720863,ind_cco_fin_ult1
12721714,ind_cco_fin_ult1
12718777,ind_cco_fin_ult1
12720502,ind_cco_fin_ult1
12719807,ind_cco_fin_ult1
12722982,ind_cco_fin_ult1
12718785,ind_cco_fin_ult1
12723940,ind_cco_fin_ult1
12717536,ind_cco_fin_ult1
12721690,ind_cco_fin_ult1
12722160,ind_cco_fin_ult1
12717727,ind_cco_fin_ult1
12717073,ind_cco_fin_ult1
12718257,ind_cco_fin_ult1
12722561,ind_cco_fin_ult1
12722856,ind_cco_fin_ult1
12722904,ind_cco_fin_ult1
12720278,ind_cco_fin_ult1
12721853,ind_cco_fin_ult1
12721460,ind_cco_fin_ult1
12717911,ind_cco_fin_ult1
12722074,ind_cco_fin_ult1
12718102,ind_cco_fin_ult1
12719252,ind_cco_fin_ult1
12721848,ind_cco_fin_ult1
12721928,ind_cco_fin_ult1
12721992,ind_cco_fin_ult1
12718348,ind_cco_fin_ult1
12723375,ind_cco_fin_ult1
12716597,ind_cco_fin_ult1
12718608,ind_cco_fin_ult1
12721430,ind_cco_fin_ult1
12718213,ind_cco_fin_ult1
12718833,ind_cco_fin_ult1
12723219,ind_cco_fin_ult1
12719161,ind_cco_fin_ult1
12721099,ind_cco_fin_ult1
12717880,ind_cco_fin_ult1
12716469,ind_cco_fin_ult1
12717077,ind_cco_fin_ult1
12722444,ind_cco_fin_ult1
12721189,ind_cco_fin_ult1
12721970,ind_cco_fin_ult1
12724363,ind_cco_fin_ult1
12716782,ind_cco_fin_ult1
12717411,ind_cco_fin_ult1
12717869,ind_cco_fin_ult1
12718799,ind_cco_fin_ult1
12720213,ind_cco_fin_ult1
12716307,ind_cco_fin_ult1
12724158,ind_cco_fin_ult1
12724829,ind_cco_fin_ult1
12723192,ind_cco_fin_ult1
12723293,ind_cco_fin_ult1
12718099,ind_cco_fin_ult1
12720736,ind_cco_fin_ult1
12716986,ind_cco_fin_ult1
12716305,ind_cco_fin_ult1
12724911,ind_cco_fin_ult1
12716617,ind_cco_fin_ult1
12719125,ind_cco_fin_ult1
12723255,ind_cco_fin_ult1
12717434,ind_cco_fin_ult1
12719588,ind_cco_fin_ult1
12722715,ind_cco_fin_ult1
12719708,ind_cco_fin_ult1
12721816,ind_cco_fin_ult1
12718323,ind_cco_fin_ult1
12720185,ind_cco_fin_ult1
12725178,ind_cco_fin_ult1
12723793,ind_cco_fin_ult1
12716775,ind_cco_fin_ult1
12723478,ind_cco_fin_ult1
12719419,ind_cco_fin_ult1
12721397,ind_cco_fin_ult1
12718468,ind_cco_fin_ult1
12716894,ind_cco_fin_ult1
12716063,ind_cco_fin_ult1
12716933,ind_cco_fin_ult1
12722862,ind_cco_fin_ult1
12716654,ind_cco_fin_ult1
12720109,ind_cco_fin_ult1
12721655,ind_cco_fin_ult1
12719420,ind_cco_fin_ult1
12719133,ind_cco_fin_ult1
12722109,ind_cco_fin_ult1
12718136,ind_cco_fin_ult1
12722247,ind_cco_fin_ult1
12724709,ind_cco_fin_ult1
12716614,ind_cco_fin_ult1
12721547,ind_cco_fin_ult1
12718581,ind_cco_fin_ult1
12719378,ind_cco_fin_ult1
12721604,ind_cco_fin_ult1
12722710,ind_cco_fin_ult1
12722909,ind_cco_fin_ult1
12723332,ind_cco_fin_ult1
12723536,ind_cco_fin_ult1
12722736,ind_cco_fin_ult1
12720748,ind_cco_fin_ult1
12721368,ind_cco_fin_ult1
12721771,ind_cco_fin_ult1
12720946,ind_cco_fin_ult1
12718952,ind_cco_fin_ult1
12718202,ind_cco_fin_ult1
12725769,ind_cco_fin_ult1
12716983,ind_cco_fin_ult1
12719285,ind_cco_fin_ult1
12717489,ind_cco_fin_ult1
12722835,ind_cco_fin_ult1
12718523,ind_cco_fin_ult1
12717401,ind_cco_fin_ult1
12721976,ind_cco_fin_ult1
12717912,ind_cco_fin_ult1
12721774,ind_cco_fin_ult1
12716630,ind_cco_fin_ult1
12724598,ind_cco_fin_ult1
12720468,ind_cco_fin_ult1
12725117,ind_cco_fin_ult1
12719776,ind_cco_fin_ult1
12724633,ind_cco_fin_ult1
12717338,ind_cco_fin_ult1
12723574,ind_cco_fin_ult1
12717189,ind_cco_fin_ult1
12718109,ind_cco_fin_ult1
12719395,ind_cco_fin_ult1
12722364,ind_cco_fin_ult1
12719085,ind_cco_fin_ult1
12721316,ind_cco_fin_ult1
12719250,ind_cco_fin_ult1
12716428,ind_cco_fin_ult1
12717067,ind_cco_fin_ult1
12716065,ind_cco_fin_ult1
12722446,ind_cco_fin_ult1
12725037,ind_cco_fin_ult1
12717697,ind_cco_fin_ult1
12716337,ind_cco_fin_ult1
12719602,ind_cco_fin_ult1
12724122,ind_cco_fin_ult1
12719769,ind_cco_fin_ult1
12725522,ind_cco_fin_ult1
12724196,ind_cco_fin_ult1
12716271,ind_cco_fin_ult1
12719517,ind_cco_fin_ult1
12724109,ind_cco_fin_ult1
12723579,ind_cco_fin_ult1
12717952,ind_cco_fin_ult1
12721620,ind_cco_fin_ult1
12719585,ind_cco_fin_ult1
12724092,ind_cco_fin_ult1
12718121,ind_cco_fin_ult1
12717108,ind_cco_fin_ult1
12724301,ind_cco_fin_ult1
12722861,ind_cco_fin_ult1
12725131,ind_cco_fin_ult1
12717655,ind_cco_fin_ult1
12716779,ind_cco_fin_ult1
12723894,ind_cco_fin_ult1
12724588,ind_cco_fin_ult1
12718225,ind_cco_fin_ult1
12723576,ind_cco_fin_ult1
12716922,ind_cco_fin_ult1
12723809,ind_cco_fin_ult1
12724189,ind_cco_fin_ult1
12718219,ind_cco_fin_ult1
12720666,ind_cco_fin_ult1
12717157,ind_cco_fin_ult1
12720001,ind_cco_fin_ult1
12720367,ind_cco_fin_ult1
12718255,ind_cco_fin_ult1
12721054,ind_cco_fin_ult1
12721415,ind_cco_fin_ult1
12725346,ind_cco_fin_ult1
12716120,ind_cco_fin_ult1
12718288,ind_cco_fin_ult1
12722764,ind_cco_fin_ult1
12716621,ind_cco_fin_ult1
12718990,ind_cco_fin_ult1
12716604,ind_cco_fin_ult1
12722851,ind_cco_fin_ult1
12723723,ind_cco_fin_ult1
12722486,ind_cco_fin_ult1
12725376,ind_cco_fin_ult1
12724236,ind_cco_fin_ult1
12723406,ind_cco_fin_ult1
12718826,ind_cco_fin_ult1
12720476,ind_cco_fin_ult1
12723086,ind_cco_fin_ult1
12720675,ind_cco_fin_ult1
12722143,ind_cco_fin_ult1
12724873,ind_cco_fin_ult1
12721847,ind_cco_fin_ult1
12722717,ind_cco_fin_ult1
12716423,ind_cco_fin_ult1
12720060,ind_cco_fin_ult1
12721863,ind_cco_fin_ult1
12724166,ind_cco_fin_ult1
12720937,ind_cco_fin_ult1
12720197,ind_cco_fin_ult1
12719691,ind_cco_fin_ult1
12725103,ind_cco_fin_ult1
12725432,ind_cco_fin_ult1
12719386,ind_cco_fin_ult1
12716860,ind_cco_fin_ult1
12724920,ind_cco_fin_ult1
12724856,ind_cco_fin_ult1
12723854,ind_cco_fin_ult1
12715870,ind_cco_fin_ult1
12717194,ind_cco_fin_ult1
12721844,ind_cco_fin_ult1
12723025,ind_cco_fin_ult1
12716012,ind_cco_fin_ult1
12721103,ind_cco_fin_ult1
12725800,ind_cco_fin_ult1
12720934,ind_cco_fin_ult1
12718960,ind_ecue_fin_ult1
12716502,ind_cco_fin_ult1
12722275,ind_cco_fin_ult1
12720709,ind_cco_fin_ult1
12725484,ind_cco_fin_ult1
12725736,ind_cco_fin_ult1
12725487,ind_cco_fin_ult1
12723724,ind_cco_fin_ult1
12722227,ind_cco_fin_ult1
12718959,ind_cco_fin_ult1
12723281,ind_cco_fin_ult1
12723329,ind_cco_fin_ult1
12720876,ind_cco_fin_ult1
12716749,ind_cco_fin_ult1
12721831,ind_cco_fin_ult1
12725600,ind_cco_fin_ult1
12725670,ind_cco_fin_ult1
12725365,ind_cco_fin_ult1
12725370,ind_cco_fin_ult1
12715875,ind_cco_fin_ult1
12717736,ind_cco_fin_ult1
12717934,ind_cco_fin_ult1
12724878,ind_cco_fin_ult1
12723165,ind_cco_fin_ult1
12721242,ind_cco_fin_ult1
12721880,ind_cco_fin_ult1
12719881,ind_cco_fin_ult1
12725225,ind_cco_fin_ult1
12720274,ind_cco_fin_ult1
12717070,ind_cco_fin_ult1
12720536,ind_cco_fin_ult1
12719702,ind_cco_fin_ult1
12720705,ind_cco_fin_ult1
12717665,ind_cco_fin_ult1
12717139,ind_cco_fin_ult1
12721651,ind_cco_fin_ult1
12720220,ind_cco_fin_ult1
12723217,ind_cco_fin_ult1
12717962,ind_cco_fin_ult1
12717944,ind_cco_fin_ult1
12718369,ind_cco_fin_ult1
12724686,ind_cco_fin_ult1
12716889,ind_cco_fin_ult1
12723946,ind_cco_fin_ult1
12724406,ind_cco_fin_ult1
12723164,ind_cco_fin_ult1
12723981,ind_cco_fin_ult1
12719900,ind_cco_fin_ult1
12724171,ind_cco_fin_ult1
12718762,ind_cco_fin_ult1
12716744,ind_cco_fin_ult1
12722266,ind_cco_fin_ult1
12721121,ind_cco_fin_ult1
12718529,ind_cco_fin_ult1
12719566,ind_cco_fin_ult1
12720084,ind_cco_fin_ult1
12717398,ind_cco_fin_ult1
12723097,ind_cco_fin_ult1
12720002,ind_cco_fin_ult1
12716132,ind_cco_fin_ult1
12721557,ind_cco_fin_ult1
12723817,ind_cco_fin_ult1
12723780,ind_cco_fin_ult1
12723589,ind_cco_fin_ult1
12720255,ind_cco_fin_ult1
12718747,ind_cco_fin_ult1
12722579,ind_cco_fin_ult1
12716520,ind_cco_fin_ult1
12723788,ind_cco_fin_ult1
12720360,ind_cco_fin_ult1
12717883,ind_cco_fin_ult1
12719993,ind_cco_fin_ult1
12719140,ind_cco_fin_ult1
12724795,ind_cco_fin_ult1
12717870,ind_cco_fin_ult1
12718035,ind_cco_fin_ult1
12724517,ind_cco_fin_ult1
12718138,ind_cco_fin_ult1
12725649,ind_cco_fin_ult1
12725369,ind_cco_fin_ult1
12725019,ind_cco_fin_ult1
12720472,ind_cco_fin_ult1
12724772,ind_cco_fin_ult1
12721359,ind_cco_fin_ult1
12723218,ind_cco_fin_ult1
12722153,ind_cco_fin_ult1
12719369,ind_cco_fin_ult1
12719758,ind_cco_fin_ult1
12720969,ind_cco_fin_ult1
12716653,ind_cco_fin_ult1
12718547,ind_cco_fin_ult1
12721356,ind_cco_fin_ult1
12723264,ind_cco_fin_ult1
12722498,ind_cco_fin_ult1
12722075,ind_cco_fin_ult1
12717394,ind_cco_fin_ult1
12717823,ind_cco_fin_ult1
12720931,ind_cco_fin_ult1
12721505,ind_cco_fin_ult1
12717141,ind_cco_fin_ult1
12719977,ind_cco_fin_ult1
12725110,ind_cco_fin_ult1
12722410,ind_cco_fin_ult1
12721654,ind_cco_fin_ult1
12718055,ind_cco_fin_ult1
12725591,ind_cco_fin_ult1
12724851,ind_cco_fin_ult1
12725043,ind_cco_fin_ult1
12722468,ind_cco_fin_ult1
12724612,ind_cco_fin_ult1
12716216,ind_cco_fin_ult1
12718311,ind_cco_fin_ult1
12721482,ind_cco_fin_ult1
12719599,ind_cco_fin_ult1
12719845,ind_cco_fin_ult1
12718023,ind_cco_fin_ult1
12720230,ind_cco_fin_ult1
12717127,ind_cco_fin_ult1
12720996,ind_cco_fin_ult1
12722253,ind_cco_fin_ult1
12720546,ind_cco_fin_ult1
12717508,ind_cco_fin_ult1
12718429,ind_cco_fin_ult1
12722352,ind_cco_fin_ult1
12718742,ind_cco_fin_ult1
12723698,ind_cco_fin_ult1
12716586,ind_cco_fin_ult1
12722605,ind_cco_fin_ult1
12721425,ind_cco_fin_ult1
12721885,ind_cco_fin_ult1
12723710,ind_cco_fin_ult1
12716537,ind_cco_fin_ult1
12716897,ind_cco_fin_ult1
12724495,ind_cco_fin_ult1
12718544,ind_cco_fin_ult1
12719539,ind_cco_fin_ult1
12722500,ind_cco_fin_ult1
12717412,ind_cco_fin_ult1
12719408,ind_cco_fin_ult1
12718320,ind_cco_fin_ult1
12716833,ind_cco_fin_ult1
12723324,ind_cco_fin_ult1
12719697,ind_cco_fin_ult1
12719728,ind_cco_fin_ult1
12719886,ind_cco_fin_ult1
12723618,ind_cco_fin_ult1
12724782,ind_cco_fin_ult1
12717290,ind_cco_fin_ult1
12723434,ind_cco_fin_ult1
12722387,ind_cco_fin_ult1
12723441,ind_cco_fin_ult1
12720688,ind_cco_fin_ult1
12719316,ind_cco_fin_ult1
12715887,ind_cco_fin_ult1
12720063,ind_cco_fin_ult1
12723864,ind_cco_fin_ult1
12724458,ind_cco_fin_ult1
12720240,ind_cco_fin_ult1
12716160,ind_cco_fin_ult1
12718693,ind_cco_fin_ult1
12725258,ind_cco_fin_ult1
12719390,ind_cco_fin_ult1
12718126,ind_cco_fin_ult1
12720095,ind_cco_fin_ult1
12718272,ind_cco_fin_ult1
12722520,ind_ecue_fin_ult1
12723549,ind_cco_fin_ult1
12719137,ind_cco_fin_ult1
12719621,ind_cco_fin_ult1
12725142,ind_cco_fin_ult1
12721202,ind_cco_fin_ult1
12721807,ind_cco_fin_ult1
12720163,ind_cco_fin_ult1
12720223,ind_cco_fin_ult1
12724881,ind_cco_fin_ult1
12717916,ind_cco_fin_ult1
12718362,ind_cco_fin_ult1
12717449,ind_cco_fin_ult1
12723659,ind_cco_fin_ult1
12725499,ind_cco_fin_ult1
12719836,ind_cco_fin_ult1
12722885,ind_cco_fin_ult1
12719272,ind_cco_fin_ult1
12721667,ind_cco_fin_ult1
12715876,ind_cco_fin_ult1
12717669,ind_cco_fin_ult1
12717169,ind_cco_fin_ult1
12723330,ind_cco_fin_ult1
12724971,ind_cco_fin_ult1
12718091,ind_cco_fin_ult1
12718885,ind_cco_fin_ult1
12725013,ind_cco_fin_ult1
12719383,ind_cco_fin_ult1
12716228,ind_cco_fin_ult1
12720692,ind_cco_fin_ult1
12720726,ind_cco_fin_ult1
12722668,ind_cco_fin_ult1
12725228,ind_cco_fin_ult1
12719854,ind_cco_fin_ult1
12722223,ind_cco_fin_ult1
12723922,ind_cco_fin_ult1
12725409,ind_cco_fin_ult1
12716240,ind_cco_fin_ult1
12719706,ind_cco_fin_ult1
12716044,ind_cco_fin_ult1
12719615,ind_cco_fin_ult1
12723509,ind_cco_fin_ult1
12716176,ind_cco_fin_ult1
12720783,ind_cco_fin_ult1
12722721,ind_cco_fin_ult1
12723930,ind_cco_fin_ult1
12716354,ind_cco_fin_ult1
12722857,ind_cco_fin_ult1
12725251,ind_cco_fin_ult1
12717165,ind_cco_fin_ult1
12721608,ind_cco_fin_ult1
12717694,ind_cco_fin_ult1
12722897,ind_cco_fin_ult1
12723442,ind_cco_fin_ult1
12716661,ind_cco_fin_ult1
12722937,ind_cco_fin_ult1
12719219,ind_cco_fin_ult1
12721900,ind_cco_fin_ult1
12722404,ind_cco_fin_ult1
12718019,ind_cco_fin_ult1
12720769,ind_cco_fin_ult1
12719600,ind_cco_fin_ult1
12725252,ind_cco_fin_ult1
12725512,ind_cco_fin_ult1
12720947,ind_cco_fin_ult1
12718508,ind_cco_fin_ult1
12718105,ind_cco_fin_ult1
12721034,ind_cco_fin_ult1
12720179,ind_cco_fin_ult1
12724987,ind_cco_fin_ult1
12724532,ind_cco_fin_ult1
12725145,ind_cco_fin_ult1
12719932,ind_cco_fin_ult1
12718092,ind_cco_fin_ult1
12717749,ind_cco_fin_ult1
12721673,ind_cco_fin_ult1
12725000,ind_cco_fin_ult1
12722611,ind_cco_fin_ult1
12724787,ind_cco_fin_ult1
12724175,ind_cco_fin_ult1
12717830,ind_cco_fin_ult1
12724452,ind_cco_fin_ult1
12717305,ind_cco_fin_ult1
12720581,ind_cco_fin_ult1
12718450,ind_cco_fin_ult1
12718618,ind_cco_fin_ult1
12716074,ind_cco_fin_ult1
12717339,ind_cco_fin_ult1
12718392,ind_cco_fin_ult1
12723851,ind_cco_fin_ult1
12716149,ind_cco_fin_ult1
12718400,ind_cco_fin_ult1
12718994,ind_cco_fin_ult1
12719286,ind_cco_fin_ult1
12718996,ind_cco_fin_ult1
12725366,ind_cco_fin_ult1
12719921,ind_cco_fin_ult1
12719116,ind_cco_fin_ult1
12717433,ind_cco_fin_ult1
12719830,ind_cco_fin_ult1
12717233,ind_cco_fin_ult1
12723830,ind_cco_fin_ult1
12720896,ind_cco_fin_ult1
12720979,ind_cco_fin_ult1
12720107,ind_cco_fin_ult1
12717751,ind_cco_fin_ult1
12723196,ind_cco_fin_ult1
12720712,ind_cco_fin_ult1
12717907,ind_cco_fin_ult1
12721098,ind_cco_fin_ult1
12724674,ind_cco_fin_ult1
12724231,ind_cco_fin_ult1
12717599,ind_cco_fin_ult1
12718156,ind_cco_fin_ult1
12720467,ind_cco_fin_ult1
12719757,ind_cco_fin_ult1
12717494,ind_cco_fin_ult1
12724041,ind_cco_fin_ult1
12716454,ind_cco_fin_ult1
12721643,ind_cco_fin_ult1
12724678,ind_cco_fin_ult1
12721609,ind_cco_fin_ult1
12718764,ind_cco_fin_ult1
12721496,ind_cco_fin_ult1
12720913,ind_cco_fin_ult1
12717926,ind_cco_fin_ult1
12724861,ind_cco_fin_ult1
12724786,ind_cco_fin_ult1
12720417,ind_cco_fin_ult1
12718602,ind_cco_fin_ult1
12717896,ind_cco_fin_ult1
12718441,ind_cco_fin_ult1
12716600,ind_cco_fin_ult1
12718875,ind_cco_fin_ult1
12721043,ind_cco_fin_ult1
12721783,ind_cco_fin_ult1
12725310,ind_cco_fin_ult1
12719896,ind_cco_fin_ult1
12718330,ind_cco_fin_ult1
12718112,ind_cco_fin_ult1
12716867,ind_cco_fin_ult1
12717061,ind_cco_fin_ult1
12722408,ind_cco_fin_ult1
12719028,ind_cco_fin_ult1
12716318,ind_cco_fin_ult1
12720339,ind_cco_fin_ult1
12721273,ind_cco_fin_ult1
12722170,ind_cco_fin_ult1
12716465,ind_cco_fin_ult1
12718969,ind_cco_fin_ult1
12717341,ind_cco_fin_ult1
12723653,ind_cco_fin_ult1
12723023,ind_cco_fin_ult1
12717864,ind_cco_fin_ult1
12722279,ind_cco_fin_ult1
12720722,ind_cco_fin_ult1
12718056,ind_cco_fin_ult1
12724007,ind_cco_fin_ult1
12720429,ind_cco_fin_ult1
12715862,ind_cco_fin_ult1
12719518,ind_cco_fin_ult1
12719732,ind_cco_fin_ult1
12720966,ind_cco_fin_ult1
12725845,ind_cco_fin_ult1
12716982,ind_cco_fin_ult1
12725090,ind_cco_fin_ult1
12722033,ind_cco_fin_ult1
12718664,ind_cco_fin_ult1
12723282,ind_cco_fin_ult1
12722797,ind_cco_fin_ult1
12717503,ind_cco_fin_ult1
12719970,ind_cco_fin_ult1
12719050,ind_cco_fin_ult1
12721369,ind_cco_fin_ult1
12717282,ind_cco_fin_ult1
12717410,ind_cco_fin_ult1
12719771,ind_cco_fin_ult1
12723878,ind_cco_fin_ult1
12721290,ind_cco_fin_ult1
12719536,ind_cco_fin_ult1
12717436,ind_cco_fin_ult1
12719189,ind_cco_fin_ult1
12722133,ind_cco_fin_ult1
12721222,ind_cco_fin_ult1
12721461,ind_cco_fin_ult1
12724330,ind_cco_fin_ult1
12724640,ind_cco_fin_ult1
12721065,ind_cco_fin_ult1
12720976,ind_cco_fin_ult1
12722595,ind_cco_fin_ult1
12724328,ind_cco_fin_ult1
12723642,ind_cco_fin_ult1
12716994,ind_cco_fin_ult1
12718292,ind_cco_fin_ult1
12717285,ind_cco_fin_ult1
12725144,ind_cco_fin_ult1
12720037,ind_cco_fin_ult1
12724947,ind_cco_fin_ult1
12718093,ind_cco_fin_ult1
12723415,ind_cco_fin_ult1
12722409,ind_cco_fin_ult1
12717421,ind_cco_fin_ult1
12724034,ind_cco_fin_ult1
12723044,ind_cco_fin_ult1
12723722,ind_cco_fin_ult1
12724574,ind_ecue_fin_ult1
12722067,ind_cco_fin_ult1
12725275,ind_cco_fin_ult1
12716011,ind_cco_fin_ult1
12721541,ind_cco_fin_ult1
12720293,ind_cco_fin_ult1
12721322,ind_cco_fin_ult1
12725773,ind_cco_fin_ult1
12722012,ind_cco_fin_ult1
12719462,ind_cco_fin_ult1
12722926,ind_cco_fin_ult1
12715879,ind_cco_fin_ult1
12717104,ind_cco_fin_ult1
12725710,ind_cco_fin_ult1
12715958,ind_cco_fin_ult1
12725373,ind_cco_fin_ult1
12721031,ind_cco_fin_ult1
12724810,ind_cco_fin_ult1
12723279,ind_cco_fin_ult1
12717999,ind_cco_fin_ult1
12725368,ind_cco_fin_ult1
12724750,ind_cco_fin_ult1
12724417,ind_cco_fin_ult1
12721945,ind_cco_fin_ult1
12717764,ind_cco_fin_ult1
12724677,ind_cco_fin_ult1
12721052,ind_cco_fin_ult1
12721428,ind_cco_fin_ult1
12725067,ind_cco_fin_ult1
12719504,ind_cco_fin_ult1
12724024,ind_cco_fin_ult1
12717568,ind_cco_fin_ult1
12722558,ind_cco_fin_ult1
12724502,ind_cco_fin_ult1
12721235,ind_cco_fin_ult1
12723347,ind_cco_fin_ult1
12717884,ind_cco_fin_ult1
12722436,ind_cco_fin_ult1
12720790,ind_cco_fin_ult1
12722694,ind_cco_fin_ult1
12724425,ind_cco_fin_ult1
12721745,ind_cco_fin_ult1
12718332,ind_cco_fin_ult1
12717815,ind_cco_fin_ult1
12720007,ind_cco_fin_ult1
12719201,ind_cco_fin_ult1
12718335,ind_cco_fin_ult1
12717942,ind_cco_fin_ult1
12716518,ind_cco_fin_ult1
12723566,ind_cco_fin_ult1
12719901,ind_cco_fin_ult1
12723627,ind_cco_fin_ult1
12719816,ind_cco_fin_ult1
12723833,ind_cco_fin_ult1
12721732,ind_cco_fin_ult1
12724843,ind_cco_fin_ult1
12717947,ind_cco_fin_ult1
12717340,ind_cco_fin_ult1
12722816,ind_cco_fin_ult1
12717320,ind_cco_fin_ult1
12717276,ind_cco_fin_ult1
12718596,ind_cco_fin_ult1
12717515,ind_cco_fin_ult1
12721449,ind_cco_fin_ult1
12719362,ind_cco_fin_ult1
12723923,ind_cco_fin_ult1
12723901,ind_cco_fin_ult1
12717088,ind_cco_fin_ult1
12721653,ind_cco_fin_ult1
12718446,ind_cco_fin_ult1
12719961,ind_cco_fin_ult1
12717206,ind_cco_fin_ult1
12723377,ind_cco_fin_ult1
12722198,ind_cco_fin_ult1
12719156,ind_cco_fin_ult1
12722748,ind_cco_fin_ult1
12720704,ind_cco_fin_ult1
12719060,ind_cco_fin_ult1
12717802,ind_cco_fin_ult1
12717375,ind_cco_fin_ult1
12722780,ind_cco_fin_ult1
12719062,ind_cco_fin_ult1
12716746,ind_cco_fin_ult1
12716880,ind_cco_fin_ult1
12721630,ind_cco_fin_ult1
12717699,ind_cco_fin_ult1
12724026,ind_cco_fin_ult1
12719196,ind_cco_fin_ult1
12717667,ind_cco_fin_ult1
12722769,ind_cco_fin_ult1
12715914,ind_cco_fin_ult1
12724200,ind_cco_fin_ult1
12721142,ind_cco_fin_ult1
12717612,ind_cco_fin_ult1
12722602,ind_cco_fin_ult1
12725164,ind_cco_fin_ult1
12719191,ind_cco_fin_ult1
12719203,ind_cco_fin_ult1
12718591,ind_cco_fin_ult1
12718340,ind_cco_fin_ult1
12716588,ind_cco_fin_ult1
12723000,ind_cco_fin_ult1
12723381,ind_cco_fin_ult1
12717208,ind_cco_fin_ult1
12723599,ind_cco_fin_ult1
12724748,ind_cco_fin_ult1
12719327,ind_cco_fin_ult1
12717841,ind_cco_fin_ult1
12718879,ind_cco_fin_ult1
12718268,ind_cco_fin_ult1
12724579,ind_cco_fin_ult1
12718531,ind_cco_fin_ult1
12717264,ind_cco_fin_ult1
12723397,ind_cco_fin_ult1
12723500,ind_cco_fin_ult1
12721013,ind_cco_fin_ult1
12724227,ind_cco_fin_ult1
12725547,ind_cco_fin_ult1
12718125,ind_cco_fin_ult1
12724704,ind_cco_fin_ult1
12721845,ind_cco_fin_ult1
12716985,ind_cco_fin_ult1
12724638,ind_cco_fin_ult1
12716113,ind_cco_fin_ult1
12720439,ind_cco_fin_ult1
12723823,ind_cco_fin_ult1
12724023,ind_cco_fin_ult1
12722767,ind_cco_fin_ult1
12725792,ind_cco_fin_ult1
12721642,ind_cco_fin_ult1
12717428,ind_cco_fin_ult1
12719097,ind_cco_fin_ult1
12723094,ind_cco_fin_ult1
12721046,ind_cco_fin_ult1
12720411,ind_cco_fin_ult1
12722607,ind_cco_fin_ult1
12719953,ind_cco_fin_ult1
12724339,ind_cco_fin_ult1
12722006,ind_cco_fin_ult1
12718550,ind_cco_fin_ult1
12725555,ind_cco_fin_ult1
12718555,ind_cco_fin_ult1
12722389,ind_cco_fin_ult1
12717604,ind_cco_fin_ult1
12724778,ind_ecue_fin_ult1
12722189,ind_cco_fin_ult1
12721303,ind_cco_fin_ult1
12716891,ind_cco_fin_ult1
12717951,ind_cco_fin_ult1
12717466,ind_cco_fin_ult1
12723037,ind_cco_fin_ult1
12719861,ind_cco_fin_ult1
12717987,ind_cco_fin_ult1
12725422,ind_cco_fin_ult1
12725056,ind_cco_fin_ult1
12725358,ind_cco_fin_ult1
12722597,ind_cco_fin_ult1
12718863,ind_cco_fin_ult1
12716740,ind_cco_fin_ult1
12722974,ind_cco_fin_ult1
12723560,ind_cco_fin_ult1
12721063,ind_cco_fin_ult1
12724463,ind_cco_fin_ult1
12720151,ind_cco_fin_ult1
12724240,ind_cco_fin_ult1
12716844,ind_cco_fin_ult1
12717724,ind_cco_fin_ult1
12725348,ind_cco_fin_ult1
12716830,ind_cco_fin_ult1
12725100,ind_cco_fin_ult1
12719784,ind_cco_fin_ult1
12720633,ind_cco_fin_ult1
12719384,ind_cco_fin_ult1
12722621,ind_cco_fin_ult1
12725674,ind_cco_fin_ult1
12717988,ind_cco_fin_ult1
12721201,ind_cco_fin_ult1
12722053,ind_cco_fin_ult1
12723547,ind_cco_fin_ult1
12720130,ind_cco_fin_ult1
12724714,ind_cco_fin_ult1
12723588,ind_cco_fin_ult1
12725676,ind_cco_fin_ult1
12720473,ind_cco_fin_ult1
12725714,ind_cco_fin_ult1
12719898,ind_cco_fin_ult1
12722891,ind_cco_fin_ult1
12722656,ind_cco_fin_ult1
12718451,ind_cco_fin_ult1
12720551,ind_cco_fin_ult1
12716987,ind_cco_fin_ult1
12721637,ind_cco_fin_ult1
12722334,ind_cco_fin_ult1
12724258,ind_cco_fin_ult1
12717497,ind_cco_fin_ult1
12725386,ind_cco_fin_ult1
12716638,ind_cco_fin_ult1
12725645,ind_cco_fin_ult1
12724014,ind_cco_fin_ult1
12722398,ind_cco_fin_ult1
12724285,ind_cco_fin_ult1
12722386,ind_cco_fin_ult1
12725205,ind_cco_fin_ult1
12724359,ind_cco_fin_ult1
12717224,ind_cco_fin_ult1
12716625,ind_cco_fin_ult1
12721748,ind_cco_fin_ult1
12720391,ind_cco_fin_ult1
12725315,ind_cco_fin_ult1
12716626,ind_cco_fin_ult1
12717389,ind_cco_fin_ult1
12723911,ind_cco_fin_ult1
12725680,ind_cco_fin_ult1
12716975,ind_cco_fin_ult1
12719666,ind_cco_fin_ult1
12724528,ind_cco_fin_ult1
12723600,ind_cco_fin_ult1
12721524,ind_cco_fin_ult1
12722302,ind_cco_fin_ult1
12717156,ind_cco_fin_ult1
12724931,ind_cco_fin_ult1
12724331,ind_cco_fin_ult1
12724589,ind_cco_fin_ult1
12721509,ind_cco_fin_ult1
12719817,ind_cco_fin_ult1
12719805,ind_cco_fin_ult1
12720253,ind_cco_fin_ult1
12723134,ind_cco_fin_ult1
12717350,ind_cco_fin_ult1
12722101,ind_cco_fin_ult1
12718071,ind_cco_fin_ult1
12720989,ind_cco_fin_ult1
12717644,ind_cco_fin_ult1
12725449,ind_cco_fin_ult1
12720955,ind_cco_fin_ult1
12723173,ind_cco_fin_ult1
12721569,ind_cco_fin_ult1
12719067,ind_cco_fin_ult1
12721685,ind_cco_fin_ult1
12721276,ind_cco_fin_ult1
12717778,ind_cco_fin_ult1
12720706,ind_cco_fin_ult1
12723622,ind_cco_fin_ult1
12725221,ind_cco_fin_ult1
12719840,ind_cco_fin_ult1
12722225,ind_cco_fin_ult1
12721605,ind_cco_fin_ult1
12724311,ind_cco_fin_ult1
12723639,ind_cco_fin_ult1
12716541,ind_cco_fin_ult1
12722114,ind_cco_fin_ult1
12723680,ind_cco_fin_ult1
12716794,ind_cco_fin_ult1
12716178,ind_cco_fin_ult1
12723926,ind_cco_fin_ult1
12717836,ind_cco_fin_ult1
12721490,ind_cco_fin_ult1
12718787,ind_cco_fin_ult1
12720745,ind_cco_fin_ult1
12718888,ind_cco_fin_ult1
12724741,ind_cco_fin_ult1
12721817,ind_cco_fin_ult1
12719624,ind_cco_fin_ult1
12721218,ind_cco_fin_ult1
12718900,ind_cco_fin_ult1
12720441,ind_cco_fin_ult1
12719574,ind_cco_fin_ult1
12722066,ind_cco_fin_ult1
12719956,ind_cco_fin_ult1
12723029,ind_cco_fin_ult1
12724946,ind_cco_fin_ult1
12724711,ind_cco_fin_ult1
12720399,ind_cco_fin_ult1
12718503,ind_cco_fin_ult1
12716295,ind_cco_fin_ult1
12724260,ind_cco_fin_ult1
12721071,ind_cco_fin_ult1
12723802,ind_cco_fin_ult1
12723738,ind_cco_fin_ult1
12723199,ind_cco_fin_ult1
12717173,ind_cco_fin_ult1
12719973,ind_cco_fin_ult1
12721423,ind_cco_fin_ult1
12718754,ind_cco_fin_ult1
12721069,ind_cco_fin_ult1
12719864,ind_cco_fin_ult1
12717030,ind_cco_fin_ult1
12716380,ind_cco_fin_ult1
12723220,ind_cco_fin_ult1
12719508,ind_cco_fin_ult1
12719149,ind_cco_fin_ult1
12722890,ind_cco_fin_ult1
12719712,ind_cco_fin_ult1
12723408,ind_cco_fin_ult1
12724991,ind_cco_fin_ult1
12719011,ind_cco_fin_ult1
12721881,ind_cco_fin_ult1
12724205,ind_cco_fin_ult1
12719254,ind_cco_fin_ult1
12722572,ind_cco_fin_ult1
12721384,ind_cco_fin_ult1
12723364,ind_cco_fin_ult1
12724573,ind_cco_fin_ult1
12719176,ind_cco_fin_ult1
12716459,ind_cco_fin_ult1
12718717,ind_cco_fin_ult1
12721155,ind_cco_fin_ult1
12716104,ind_cco_fin_ult1
12720579,ind_cco_fin_ult1
12722462,ind_cco_fin_ult1
12724309,ind_cco_fin_ult1
12725058,ind_cco_fin_ult1
12723665,ind_cco_fin_ult1
12722335,ind_cco_fin_ult1
12718691,ind_cco_fin_ult1
12722433,ind_cco_fin_ult1
12725462,ind_cco_fin_ult1
12723644,ind_cco_fin_ult1
12722254,ind_cco_fin_ult1
12715960,ind_cco_fin_ult1
12718880,ind_cco_fin_ult1
12717007,ind_cco_fin_ult1
12719045,ind_cco_fin_ult1
12725224,ind_cco_fin_ult1
12720554,ind_cco_fin_ult1
12718729,ind_cco_fin_ult1
12718726,ind_cco_fin_ult1
12719587,ind_cco_fin_ult1
12715977,ind_cco_fin_ult1
12720280,ind_cco_fin_ult1
12716419,ind_cco_fin_ult1
12722537,ind_cco_fin_ult1
12715910,ind_cco_fin_ult1
12721418,ind_cco_fin_ult1
12725454,ind_cco_fin_ult1
12720640,ind_cco_fin_ult1
12719377,ind_cco_fin_ult1
12723066,ind_cco_fin_ult1
12716808,ind_cco_fin_ult1
12719424,ind_cco_fin_ult1
12725115,ind_cco_fin_ult1
12719288,ind_cco_fin_ult1
12724437,ind_cco_fin_ult1
12723703,ind_cco_fin_ult1
12717222,ind_cco_fin_ult1
12724264,ind_cco_fin_ult1
12719033,ind_cco_fin_ult1
12721918,ind_cco_fin_ult1
12721645,ind_cco_fin_ult1
12725095,ind_cco_fin_ult1
12722770,ind_cco_fin_ult1
12725044,ind_cco_fin_ult1
12722565,ind_cco_fin_ult1
12725528,ind_cco_fin_ult1
12718244,ind_cco_fin_ult1
12718210,ind_cco_fin_ult1
12722024,ind_cco_fin_ult1
12719918,ind_cco_fin_ult1
12724395,ind_cco_fin_ult1
12716675,ind_cco_fin_ult1
12724212,ind_cco_fin_ult1
12719835,ind_cco_fin_ult1
12718723,ind_cco_fin_ult1
12716100,ind_cco_fin_ult1
12719902,ind_cco_fin_ult1
12715945,ind_cco_fin_ult1
12718462,ind_cco_fin_ult1
12717124,ind_cco_fin_ult1
12717347,ind_cco_fin_ult1
12717738,ind_cco_fin_ult1
12722506,ind_cco_fin_ult1
12723403,ind_cco_fin_ult1
12723615,ind_cco_fin_ult1
12724274,ind_cco_fin_ult1
12716370,ind_cco_fin_ult1
12720615,ind_cco_fin_ult1
12722314,ind_cco_fin_ult1
12720849,ind_cco_fin_ult1
12716006,ind_cco_fin_ult1
12724703,ind_cco_fin_ult1
12722401,ind_cco_fin_ult1
12723902,ind_cco_fin_ult1
12721596,ind_cco_fin_ult1
12720337,ind_cco_fin_ult1
12721280,ind_cco_fin_ult1
12724844,ind_cco_fin_ult1
12720103,ind_cco_fin_ult1
12722675,ind_cco_fin_ult1
12718135,ind_cco_fin_ult1
12719265,ind_cco_fin_ult1
12723571,ind_cco_fin_ult1
12719705,ind_cco_fin_ult1
12721249,ind_cco_fin_ult1
12718036,ind_cco_fin_ult1
12721963,ind_cco_fin_ult1
12725701,ind_cco_fin_ult1
12722190,ind_cco_fin_ult1
12720819,ind_cco_fin_ult1
12720232,ind_cco_fin_ult1
12722539,ind_cco_fin_ult1
12715930,ind_cco_fin_ult1
12717733,ind_cco_fin_ult1
12721591,ind_cco_fin_ult1
12724229,ind_cco_fin_ult1
12721429,ind_cco_fin_ult1
12723899,ind_cco_fin_ult1
12719036,ind_cco_fin_ult1
12721519,ind_cco_fin_ult1
12725211,ind_cco_fin_ult1
12720919,ind_cco_fin_ult1
12725324,ind_cco_fin_ult1
12721402,ind_cco_fin_ult1
12717039,ind_cco_fin_ult1
12721631,ind_cco_fin_ult1
12721440,ind_cco_fin_ult1
12717958,ind_cco_fin_ult1
12721679,ind_cco_fin_ult1
12720939,ind_cco_fin_ult1
12723687,ind_cco_fin_ult1
12723188,ind_cco_fin_ult1
12721443,ind_cco_fin_ult1
12723079,ind_cco_fin_ult1
12723791,ind_cco_fin_ult1
12716822,ind_cco_fin_ult1
12716193,ind_cco_fin_ult1
12721221,ind_cco_fin_ult1
12725587,ind_cco_fin_ult1
12723396,ind_cco_fin_ult1
12719197,ind_cco_fin_ult1
12724396,ind_cco_fin_ult1
12720756,ind_cco_fin_ult1
12723679,ind_cco_fin_ult1
12716048,ind_cco_fin_ult1
12717090,ind_cco_fin_ult1
12724242,ind_cco_fin_ult1
12720452,ind_cco_fin_ult1
12717017,ind_cco_fin_ult1
12717938,ind_cco_fin_ult1
12720359,ind_cco_fin_ult1
12718463,ind_cco_fin_ult1
12725180,ind_cco_fin_ult1
12720799,ind_cco_fin_ult1
12723109,ind_cco_fin_ult1
12723177,ind_cco_fin_ult1
12723047,ind_cco_fin_ult1
12724720,ind_cco_fin_ult1
12717538,ind_cco_fin_ult1
12716519,ind_cco_fin_ult1
12718645,ind_cco_fin_ult1
12724941,ind_cco_fin_ult1
12717318,ind_cco_fin_ult1
12722854,ind_cco_fin_ult1
12722613,ind_cco_fin_ult1
12724523,ind_cco_fin_ult1
12723128,ind_cco_fin_ult1
12717825,ind_cco_fin_ult1
12724113,ind_cco_fin_ult1
12724347,ind_cco_fin_ult1
12717633,ind_cco_fin_ult1
12722197,ind_cco_fin_ult1
12718677,ind_cco_fin_ult1
12716736,ind_cco_fin_ult1
12716274,ind_cco_fin_ult1
12720052,ind_cco_fin_ult1
12720975,ind_cco_fin_ult1
12716874,ind_cco_fin_ult1
12723837,ind_cco_fin_ult1
12716602,ind_cco_fin_ult1
12717328,ind_cco_fin_ult1
12723385,ind_cco_fin_ult1
12723447,ind_cco_fin_ult1
12721112,ind_cco_fin_ult1
12718838,ind_cco_fin_ult1
12720388,ind_cco_fin_ult1
12718535,ind_cco_fin_ult1
12723436,ind_cco_fin_ult1
12721078,ind_cco_fin_ult1
12724864,ind_cco_fin_ult1
12719105,ind_cco_fin_ult1
12717170,ind_cco_fin_ult1
12718151,ind_cco_fin_ult1
12722327,ind_cco_fin_ult1
12716411,ind_cco_fin_ult1
12720104,ind_cco_fin_ult1
12717133,ind_cco_fin_ult1
12722912,ind_cco_fin_ult1
12723949,ind_cco_fin_ult1
12723207,ind_cco_fin_ult1
12719880,ind_cco_fin_ult1
12723634,ind_cco_fin_ult1
12720214,ind_cco_fin_ult1
12716662,ind_cco_fin_ult1
12724481,ind_cco_fin_ult1
12723224,ind_cco_fin_ult1
12723084,ind_cco_fin_ult1
12720796,ind_cco_fin_ult1
12722206,ind_cco_fin_ult1
12724157,ind_cco_fin_ult1
12716085,ind_cco_fin_ult1
12723267,ind_cco_fin_ult1
12723921,ind_cco_fin_ult1
12723852,ind_cco_fin_ult1
12717028,ind_cco_fin_ult1
12716734,ind_cco_fin_ult1
12724935,ind_cco_fin_ult1
12716224,ind_cco_fin_ult1
12716277,ind_cco_fin_ult1
12724206,ind_cco_fin_ult1
12716393,ind_cco_fin_ult1
12723760,ind_cco_fin_ult1
12725615,ind_cco_fin_ult1
12723022,ind_cco_fin_ult1
12719554,ind_cco_fin_ult1
12716023,ind_cco_fin_ult1
12722913,ind_cco_fin_ult1
12724127,ind_cco_fin_ult1
12717664,ind_cco_fin_ult1
12718537,ind_cco_fin_ult1
12717329,ind_cco_fin_ult1
12722954,ind_cco_fin_ult1
12725686,ind_cco_fin_ult1
12722819,ind_cco_fin_ult1
12717910,ind_cco_fin_ult1
12716996,ind_cco_fin_ult1
12722343,ind_cco_fin_ult1
12716298,ind_cco_fin_ult1
12721102,ind_cco_fin_ult1
12725099,ind_cco_fin_ult1
12724666,ind_cco_fin_ult1
12719572,ind_cco_fin_ult1
12721288,ind_cco_fin_ult1
12716683,ind_cco_fin_ult1
12724751,ind_cco_fin_ult1
12720258,ind_cco_fin_ult1
12724985,ind_cco_fin_ult1
12720251,ind_cco_fin_ult1
12718702,ind_cco_fin_ult1
12720427,ind_cco_fin_ult1
12724142,ind_cco_fin_ult1
12718256,ind_cco_fin_ult1
12721733,ind_cco_fin_ult1
12721722,ind_cco_fin_ult1
12719963,ind_cco_fin_ult1
12716015,ind_cco_fin_ult1
12721912,ind_cco_fin_ult1
12724688,ind_cco_fin_ult1
12717010,ind_cco_fin_ult1
12723032,ind_cco_fin_ult1
12716439,ind_cco_fin_ult1
12723828,ind_cco_fin_ult1
12724117,ind_cco_fin_ult1
12718412,ind_cco_fin_ult1
12719610,ind_cco_fin_ult1
12718760,ind_cco_fin_ult1
12725212,ind_cco_fin_ult1
12716227,ind_cco_fin_ult1
12720618,ind_cco_fin_ult1
12720078,ind_cco_fin_ult1
12719128,ind_cco_fin_ult1
12722081,ind_cco_fin_ult1
12723169,ind_cco_fin_ult1
12724744,ind_cco_fin_ult1
12721862,ind_cco_fin_ult1
12716060,ind_cco_fin_ult1
12716727,ind_cco_fin_ult1
12723965,ind_cco_fin_ult1
12717063,ind_cco_fin_ult1
12725608,ind_cco_fin_ult1
12722423,ind_cco_fin_ult1
12718188,ind_cco_fin_ult1
12720397,ind_cco_fin_ult1
12722196,ind_cco_fin_ult1
12724420,ind_cco_fin_ult1
12718858,ind_cco_fin_ult1
12719119,ind_cco_fin_ult1
12720888,ind_cco_fin_ult1
12725085,ind_cco_fin_ult1
12717695,ind_cco_fin_ult1
12725732,ind_cco_fin_ult1
12717765,ind_cco_fin_ult1
12717150,ind_cco_fin_ult1
12719947,ind_cco_fin_ult1
12720392,ind_cco_fin_ult1
12725201,ind_cco_fin_ult1
12717200,ind_cco_fin_ult1
12718841,ind_cco_fin_ult1
12720294,ind_cco_fin_ult1
12720725,ind_cco_fin_ult1
12716743,ind_cco_fin_ult1
12723543,ind_cco_fin_ult1
12723983,ind_cco_fin_ult1
12717456,ind_cco_fin_ult1
12717223,ind_cco_fin_ult1
12725237,ind_cco_fin_ult1
12725826,ind_cco_fin_ult1
12721840,ind_cco_fin_ult1
12724499,ind_cco_fin_ult1
12717477,ind_cco_fin_ult1
12723721,ind_cco_fin_ult1
12715871,ind_cco_fin_ult1
12721469,ind_cco_fin_ult1
12719847,ind_cco_fin_ult1
12721437,ind_cco_fin_ult1
12716346,ind_cco_fin_ult1
12724193,ind_cco_fin_ult1
12724209,ind_cco_fin_ult1
12721448,ind_cco_fin_ult1
12717044,ind_cco_fin_ult1
12722779,ind_cco_fin_ult1
12725267,ind_cco_fin_ult1
12722682,ind_cco_fin_ult1
12723077,ind_cco_fin_ult1
12715922,ind_cco_fin_ult1
12717107,ind_cco_fin_ult1
12716121,ind_cco_fin_ult1
12725474,ind_cco_fin_ult1
12719941,ind_cco_fin_ult1
12723836,ind_cco_fin_ult1
12716351,ind_cco_fin_ult1
12724296,ind_cco_fin_ult1
12716148,ind_cco_fin_ult1
12716330,ind_cco_fin_ult1
12723768,ind_cco_fin_ult1
12721639,ind_cco_fin_ult1
12718305,ind_cco_fin_ult1
12716377,ind_cco_fin_ult1
12719711,ind_cco_fin_ult1
12716190,ind_cco_fin_ult1
12720428,ind_cco_fin_ult1
12719324,ind_cco_fin_ult1
12717152,ind_cco_fin_ult1
12721717,ind_cco_fin_ult1
12721663,ind_cco_fin_ult1
12723113,ind_cco_fin_ult1
12718254,ind_cco_fin_ult1
12722976,ind_cco_fin_ult1
12719738,ind_cco_fin_ult1
12723093,ind_cco_fin_ult1
12725717,ind_cco_fin_ult1
12717978,ind_cco_fin_ult1
12719940,ind_cco_fin_ult1
12722128,ind_cco_fin_ult1
12721104,ind_cco_fin_ult1
12725624,ind_cco_fin_ult1
12721298,ind_cco_fin_ult1
12721309,ind_cco_fin_ult1
12721232,ind_cco_fin_ult1
12724519,ind_cco_fin_ult1
12721041,ind_cco_fin_ult1
12716046,ind_cco_fin_ult1
12717345,ind_cco_fin_ult1
12718766,ind_cco_fin_ult1
12721000,ind_cco_fin_ult1
12721616,ind_cco_fin_ult1
12721165,ind_cco_fin_ult1
12722294,ind_cco_fin_ult1
12716313,ind_cco_fin_ult1
12721426,ind_cco_fin_ult1
12718831,ind_cco_fin_ult1
12723009,ind_cco_fin_ult1
12717654,ind_cco_fin_ult1
12722216,ind_cco_fin_ult1
12720778,ind_cco_fin_ult1
12722551,ind_cco_fin_ult1
12720295,ind_cco_fin_ult1
12723251,ind_cco_fin_ult1
12725575,ind_cco_fin_ult1
12722052,ind_cco_fin_ult1
12724965,ind_cco_fin_ult1
12723266,ind_cco_fin_ult1
12717005,ind_cco_fin_ult1
12716710,ind_cco_fin_ult1
12722899,ind_cco_fin_ult1
12718053,ind_cco_fin_ult1
12724571,ind_cco_fin_ult1
12724019,ind_cco_fin_ult1
12720496,ind_cco_fin_ult1
12723657,ind_cco_fin_ult1
12716622,ind_cco_fin_ult1
12724245,ind_cco_fin_ult1
12716282,ind_cco_fin_ult1
12716832,ind_cco_fin_ult1
12715932,ind_cco_fin_ult1
12721632,ind_cco_fin_ult1
12719968,ind_cco_fin_ult1
12718642,ind_cco_fin_ult1
12722578,ind_cco_fin_ult1
12723187,ind_cco_fin_ult1
12718078,ind_cco_fin_ult1
12723815,ind_cco_fin_ult1
12722102,ind_cco_fin_ult1
12724295,ind_cco_fin_ult1
12723346,ind_cco_fin_ult1
12725401,ind_cco_fin_ult1
12725507,ind_cco_fin_ult1
12716958,ind_cco_fin_ult1
12722104,ind_cco_fin_ult1
12725235,ind_cco_fin_ult1
12724273,ind_cco_fin_ult1
12723798,ind_cco_fin_ult1
12722105,ind_cco_fin_ult1
12723459,ind_cco_fin_ult1
12724105,ind_cco_fin_ult1
12716500,ind_cco_fin_ult1
12722735,ind_cco_fin_ult1
12723570,ind_cco_fin_ult1
12715866,ind_cco_fin_ult1
12720438,ind_cco_fin_ult1
12718839,ind_cco_fin_ult1
12725766,ind_cco_fin_ult1
12718864,ind_cco_fin_ult1
12724290,ind_cco_fin_ult1
12720731,ind_cco_fin_ult1
12723979,ind_cco_fin_ult1
12717302,ind_cco_fin_ult1
12725367,ind_cco_fin_ult1
12715888,ind_cco_fin_ult1
12716353,ind_cco_fin_ult1
12725727,ind_cco_fin_ult1
12716109,ind_cco_fin_ult1
12716840,ind_cco_fin_ult1
12720608,ind_cco_fin_ult1
12721115,ind_cco_fin_ult1
12716214,ind_cco_fin_ult1
12724336,ind_cco_fin_ult1
12719046,ind_cco_fin_ult1
12720661,ind_cco_fin_ult1
12717435,ind_cco_fin_ult1
12721396,ind_cco_fin_ult1
12720753,ind_cco_fin_ult1
12722670,ind_cco_fin_ult1
12724566,ind_cco_fin_ult1
12720404,ind_cco_fin_ult1
12724918,ind_cco_fin_ult1
12721634,ind_cco_fin_ult1
12720132,ind_cco_fin_ult1
12716759,ind_cco_fin_ult1
12718496,ind_cco_fin_ult1
12716560,ind_cco_fin_ult1
12716868,ind_cco_fin_ult1
12725297,ind_cco_fin_ult1
12716906,ind_cco_fin_ult1
12720106,ind_cco_fin_ult1
12716781,ind_cco_fin_ult1
12716796,ind_cco_fin_ult1
12721182,ind_cco_fin_ult1
12721865,ind_cco_fin_ult1
12721179,ind_cco_fin_ult1
12721188,ind_cco_fin_ult1
12718824,ind_cco_fin_ult1
12715900,ind_cco_fin_ult1
12722860,ind_cco_fin_ult1
12722141,ind_cco_fin_ult1
12724710,ind_cco_fin_ult1
12716042,ind_cco_fin_ult1
12720501,ind_cco_fin_ult1
12718058,ind_cco_fin_ult1
12721315,ind_cco_fin_ult1
12717292,ind_cco_fin_ult1
12721138,ind_cco_fin_ult1
12721879,ind_cco_fin_ult1
12717235,ind_cco_fin_ult1
12724097,ind_cco_fin_ult1
12718936,ind_cco_fin_ult1
12723914,ind_cco_fin_ult1
12723745,ind_cco_fin_ult1
12716173,ind_cco_fin_ult1
12717407,ind_cco_fin_ult1
12724622,ind_cco_fin_ult1
12724797,ind_cco_fin_ult1
12719684,ind_cco_fin_ult1
12721281,ind_cco_fin_ult1
12718060,ind_cco_fin_ult1
12725009,ind_cco_fin_ult1
12717493,ind_cco_fin_ult1
12717359,ind_cco_fin_ult1
12720514,ind_cco_fin_ult1
12720729,ind_cco_fin_ult1
12716747,ind_cco_fin_ult1
12725068,ind_cco_fin_ult1
12718956,ind_cco_fin_ult1
12720998,ind_cco_fin_ult1
12722156,ind_cco_fin_ult1
12724774,ind_cco_fin_ult1
12720061,ind_cco_fin_ult1
12725129,ind_cco_fin_ult1
12716386,ind_cco_fin_ult1
12720267,ind_cco_fin_ult1
12719994,ind_cco_fin_ult1
12723550,ind_cco_fin_ult1
12720260,ind_cco_fin_ult1
12724646,ind_cco_fin_ult1
12722499,ind_cco_fin_ult1
12724159,ind_cco_fin_ult1
12725835,ind_cco_fin_ult1
12722563,ind_cco_fin_ult1
12716238,ind_cco_fin_ult1
12725025,ind_cco_fin_ult1
12725793,ind_cco_fin_ult1
12719658,ind_cco_fin_ult1
12716665,ind_cco_fin_ult1
12722647,ind_cco_fin_ult1
12717032,ind_cco_fin_ult1
12717260,ind_cco_fin_ult1
12722400,ind_cco_fin_ult1
12723205,ind_cco_fin_ult1
12721256,ind_cco_fin_ult1
12722501,ind_cco_fin_ult1
12718911,ind_cco_fin_ult1
12718640,ind_cco_fin_ult1
12725728,ind_cco_fin_ult1
12723051,ind_cco_fin_ult1
12716347,ind_cco_fin_ult1
12717652,ind_cco_fin_ult1
12723732,ind_cco_fin_ult1
12720681,ind_cco_fin_ult1
12721725,ind_cco_fin_ult1
12721156,ind_cco_fin_ult1
12722616,ind_cco_fin_ult1
12715984,ind_cco_fin_ult1
12725029,ind_cco_fin_ult1
12718403,ind_cco_fin_ult1
12719475,ind_cco_fin_ult1
12718701,ind_cco_fin_ult1
12724942,ind_cco_fin_ult1
12725659,ind_cco_fin_ult1
12720228,ind_cco_fin_ult1
12724430,ind_cco_fin_ult1
12721006,ind_cco_fin_ult1
12721343,ind_cco_fin_ult1
12724322,ind_cco_fin_ult1
12716834,ind_cco_fin_ult1
12719939,ind_cco_fin_ult1
12722021,ind_cco_fin_ult1
12720434,ind_cco_fin_ult1
12718355,ind_cco_fin_ult1
12725279,ind_cco_fin_ult1
12725463,ind_cco_fin_ult1
12719608,ind_cco_fin_ult1
12724293,ind_cco_fin_ult1
12718651,ind_cco_fin_ult1
12720740,ind_cco_fin_ult1
12716826,ind_cco_fin_ult1
12720674,ind_cco_fin_ult1
12722761,ind_cco_fin_ult1
12717634,ind_cco_fin_ult1
12723027,ind_cco_fin_ult1
12717681,ind_cco_fin_ult1
12720287,ind_cco_fin_ult1
12719502,ind_cco_fin_ult1
12721376,ind_cco_fin_ult1
12716247,ind_cco_fin_ult1
12716362,ind_cco_fin_ult1
12716647,ind_cco_fin_ult1
12716154,ind_cco_fin_ult1
12721151,ind_cco_fin_ult1
12716181,ind_cco_fin_ult1
12721128,ind_cco_fin_ult1
12719495,ind_cco_fin_ult1
12725722,ind_cco_fin_ult1
12720884,ind_cco_fin_ult1
12719061,ind_cco_fin_ult1
12719437,ind_cco_fin_ult1
12719497,ind_cco_fin_ult1
12725501,ind_cco_fin_ult1
12724133,ind_cco_fin_ult1
12717805,ind_cco_fin_ult1
12717064,ind_cco_fin_ult1
12718116,ind_cco_fin_ult1
12724888,ind_cco_fin_ult1
12724457,ind_cco_fin_ult1
12721762,ind_cco_fin_ult1
12717705,ind_cco_fin_ult1
12718546,ind_cco_fin_ult1
12722458,ind_cco_fin_ult1
12724641,ind_cco_fin_ult1
12716123,ind_cco_fin_ult1
12725675,ind_cco_fin_ult1
12719569,ind_cco_fin_ult1
12725262,ind_cco_fin_ult1
12721318,ind_cco_fin_ult1
12723323,ind_cco_fin_ult1
12716223,ind_cco_fin_ult1
12717964,ind_cco_fin_ult1
12725689,ind_cco_fin_ult1
12718516,ind_cco_fin_ult1
12724586,ind_cco_fin_ult1
12721017,ind_cco_fin_ult1
12725088,ind_cco_fin_ult1
12719141,ind_cco_fin_ult1
12717442,ind_cco_fin_ult1
12718745,ind_cco_fin_ult1
12718825,ind_cco_fin_ult1
12721114,ind_cco_fin_ult1
12722045,ind_cco_fin_ult1
12721471,ind_cco_fin_ult1
12720927,ind_cco_fin_ult1
12721892,ind_cco_fin_ult1
12718707,ind_cco_fin_ult1
12723660,ind_cco_fin_ult1
12717788,ind_cco_fin_ult1
12717049,ind_cco_fin_ult1
12721363,ind_cco_fin_ult1
12717809,ind_cco_fin_ult1
12718000,ind_cco_fin_ult1
12720453,ind_cco_fin_ult1
12722122,ind_cco_fin_ult1
12719579,ind_cco_fin_ult1
12722907,ind_cco_fin_ult1
12716252,ind_cco_fin_ult1
12719440,ind_cco_fin_ult1
12723389,ind_cco_fin_ult1
12715985,ind_cco_fin_ult1
12722092,ind_cco_fin_ult1
12720517,ind_cco_fin_ult1
12723849,ind_cco_fin_ult1
12717297,ind_cco_fin_ult1
12722448,ind_cco_fin_ult1
12716721,ind_cco_fin_ult1
12724594,ind_cco_fin_ult1
12719714,ind_cco_fin_ult1
12725174,ind_cco_fin_ult1
12716676,ind_cco_fin_ult1
12718628,ind_cco_fin_ult1
12723438,ind_cco_fin_ult1
12716570,ind_cco_fin_ult1
12720159,ind_cco_fin_ult1
12721824,ind_cco_fin_ult1
12722707,ind_cco_fin_ult1
12723460,ind_cco_fin_ult1
12724696,ind_cco_fin_ult1
12721263,ind_cco_fin_ult1
12721314,ind_cco_fin_ult1
12717548,ind_cco_fin_ult1
12724096,ind_cco_fin_ult1
12717336,ind_cco_fin_ult1
12724067,ind_cco_fin_ult1
12724989,ind_cco_fin_ult1
12720889,ind_cco_fin_ult1
12720071,ind_cco_fin_ult1
12720003,ind_cco_fin_ult1
12723612,ind_cco_fin_ult1
12720632,ind_cco_fin_ult1
12716308,ind_cco_fin_ult1
12722553,ind_cco_fin_ult1
12723909,ind_cco_fin_ult1
12722285,ind_cco_fin_ult1
12725661,ind_cco_fin_ult1
12720591,ind_cco_fin_ult1
12725087,ind_cco_fin_ult1
12719027,ind_cco_fin_ult1
12721347,ind_cco_fin_ult1
12723016,ind_cco_fin_ult1
12716850,ind_cco_fin_ult1
12722231,ind_cco_fin_ult1
12722711,ind_cco_fin_ult1
12723663,ind_ecue_fin_ult1
12723620,ind_cco_fin_ult1
12720395,ind_cco_fin_ult1
12723632,ind_cco_fin_ult1
12718828,ind_cco_fin_ult1
12721117,ind_cco_fin_ult1
12723886,ind_cco_fin_ult1
12723162,ind_cco_fin_ult1
12715957,ind_cco_fin_ult1
12719344,ind_cco_fin_ult1
12715991,ind_cco_fin_ult1
12719801,ind_cco_fin_ult1
12717112,ind_cco_fin_ult1
12723122,ind_cco_fin_ult1
12721955,ind_cco_fin_ult1
12718024,ind_cco_fin_ult1
12719330,ind_cco_fin_ult1
12725179,ind_cco_fin_ult1
12718808,ind_cco_fin_ult1
12717588,ind_cco_fin_ult1
12719511,ind_cco_fin_ult1
12722678,ind_cco_fin_ult1
12716474,ind_cco_fin_ult1
12718836,ind_cco_fin_ult1
12723980,ind_cco_fin_ult1
12721030,ind_cco_fin_ult1
12717573,ind_cco_fin_ult1
12717752,ind_cco_fin_ult1
12723876,ind_cco_fin_ult1
12718976,ind_cco_fin_ult1
12721302,ind_cco_fin_ult1
12719079,ind_cco_fin_ult1
12718439,ind_cco_fin_ult1
12716467,ind_cco_fin_ult1
12724300,ind_cco_fin_ult1
12724270,ind_cco_fin_ult1
12718592,ind_cco_fin_ult1
12724715,ind_cco_fin_ult1
12716155,ind_cco_fin_ult1
12718222,ind_cco_fin_ult1
12715868,ind_cco_fin_ult1
12715886,ind_cco_fin_ult1
12724484,ind_cco_fin_ult1
12725490,ind_cco_fin_ult1
12721705,ind_cco_fin_ult1
12717553,ind_cco_fin_ult1
12718380,ind_cco_fin_ult1
12717391,ind_cco_fin_ult1
12716379,ind_cco_fin_ult1
12718782,ind_cco_fin_ult1
12723593,ind_cco_fin_ult1
12721737,ind_cco_fin_ult1
12724717,ind_cco_fin_ult1
12720201,ind_cco_fin_ult1
12716810,ind_cco_fin_ult1
12718183,ind_cco_fin_ult1
12722306,ind_cco_fin_ult1
12725036,ind_cco_fin_ult1
12717355,ind_cco_fin_ult1
12715859,ind_cco_fin_ult1
12717040,ind_cco_fin_ult1
12718788,ind_cco_fin_ult1
12717514,ind_cco_fin_ult1
12724654,ind_cco_fin_ult1
12721257,ind_cco_fin_ult1
12716791,ind_cco_fin_ult1
12722623,ind_cco_fin_ult1
12721037,ind_cco_fin_ult1
12721323,ind_cco_fin_ult1
12722288,ind_cco_fin_ult1
12716196,ind_cco_fin_ult1
12719858,ind_cco_fin_ult1
12716289,ind_cco_fin_ult1
12725268,ind_cco_fin_ult1
12717753,ind_cco_fin_ult1
12722628,ind_cco_fin_ult1
12718632,ind_cco_fin_ult1
12723259,ind_cco_fin_ult1
12722287,ind_cco_fin_ult1
12717255,ind_cco_fin_ult1
12724784,ind_cco_fin_ult1
12716795,ind_cco_fin_ult1
12719088,ind_cco_fin_ult1
12717914,ind_cco_fin_ult1
12722895,ind_cco_fin_ult1
12716701,ind_cco_fin_ult1
12717281,ind_cco_fin_ult1
12723681,ind_cco_fin_ult1
12721245,ind_cco_fin_ult1
12725702,ind_cco_fin_ult1
12723700,ind_cco_fin_ult1
12719893,ind_cco_fin_ult1
12717274,ind_cco_fin_ult1
12725227,ind_cco_fin_ult1
12716396,ind_cco_fin_ult1
12723213,ind_cco_fin_ult1
12725503,ind_cco_fin_ult1
12722427,ind_cco_fin_ult1
12724351,ind_cco_fin_ult1
12717082,ind_cco_fin_ult1
12716764,ind_cco_fin_ult1
12722859,ind_cco_fin_ult1
12717689,ind_cco_fin_ult1
12720742,ind_cco_fin_ult1
12723299,ind_cco_fin_ult1
12718229,ind_cco_fin_ult1
12718657,ind_cco_fin_ult1
12719788,ind_cco_fin_ult1
12725146,ind_cco_fin_ult1
12723950,ind_cco_fin_ult1
12721772,ind_cco_fin_ult1
12725114,ind_cco_fin_ult1
12718234,ind_cco_fin_ult1
12721403,ind_cco_fin_ult1
12717252,ind_cco_fin_ult1
12716237,ind_cco_fin_ult1
12720077,ind_cco_fin_ult1
12723274,ind_cco_fin_ult1
12723801,ind_cco_fin_ult1
12717145,ind_cco_fin_ult1
12717409,ind_cco_fin_ult1
12719648,ind_cco_fin_ult1
12725078,ind_cco_fin_ult1
12720094,ind_cco_fin_ult1
12717596,ind_cco_fin_ult1
12724110,ind_cco_fin_ult1
12717708,ind_cco_fin_ult1
12722642,ind_cco_fin_ult1
12719400,ind_cco_fin_ult1
12716414,ind_cco_fin_ult1
12723250,ind_cco_fin_ult1
12718980,ind_cco_fin_ult1
12723384,ind_cco_fin_ult1
12720650,ind_cco_fin_ult1
12720526,ind_cco_fin_ult1
12722229,ind_cco_fin_ult1
12721061,ind_cco_fin_ult1
12721352,ind_cco_fin_ult1
12724085,ind_cco_fin_ult1
12722489,ind_cco_fin_ult1
12722737,ind_cco_fin_ult1
12723361,ind_cco_fin_ult1
12724785,ind_cco_fin_ult1
12721876,ind_cco_fin_ult1
12722529,ind_cco_fin_ult1
12722516,ind_cco_fin_ult1
12724505,ind_cco_fin_ult1
12722344,ind_cco_fin_ult1
12722157,ind_cco_fin_ult1
12720654,ind_cco_fin_ult1
12715944,ind_cco_fin_ult1
12718239,ind_cco_fin_ult1
12717871,ind_cco_fin_ult1
12724872,ind_cco_fin_ult1
12725380,ind_cco_fin_ult1
12718295,ind_cco_fin_ult1
12725520,ind_cco_fin_ult1
12721088,ind_cco_fin_ult1
12718410,ind_cco_fin_ult1
12719093,ind_cco_fin_ult1
12721265,ind_cco_fin_ult1
12716632,ind_cco_fin_ult1
12717106,ind_cco_fin_ult1
12722369,ind_cco_fin_ult1
12719710,ind_cco_fin_ult1
12720772,ind_cco_fin_ult1
12723007,ind_cco_fin_ult1
12725839,ind_cco_fin_ult1
12721911,ind_cco_fin_ult1
12722213,ind_cco_fin_ult1
12723867,ind_cco_fin_ult1
12724506,ind_cco_fin_ult1
12715890,ind_cco_fin_ult1
12723294,ind_cco_fin_ult1
12718263,ind_cco_fin_ult1
12718688,ind_cco_fin_ult1
12717241,ind_cco_fin_ult1
12717371,ind_cco_fin_ult1
12719227,ind_cco_fin_ult1
12717528,ind_cco_fin_ult1
12722699,ind_cco_fin_ult1
12716969,ind_cco_fin_ult1
12722199,ind_cco_fin_ult1
12718497,ind_cco_fin_ult1
12718471,ind_cco_fin_ult1
12717976,ind_cco_fin_ult1
12716024,ind_cco_fin_ult1
12724172,ind_cco_fin_ult1
12718752,ind_cco_fin_ult1
12721150,ind_cco_fin_ult1
12723813,ind_cco_fin_ult1
12724108,ind_cco_fin_ult1
12721931,ind_cco_fin_ult1
12725726,ind_cco_fin_ult1
12722244,ind_cco_fin_ult1
12719596,ind_cco_fin_ult1
12718601,ind_cco_fin_ult1
12717510,ind_cco_fin_ult1
12725807,ind_cco_fin_ult1
12722034,ind_cco_fin_ult1
12724832,ind_cco_fin_ult1
12716594,ind_cco_fin_ult1
12716201,ind_cco_fin_ult1
12719057,ind_cco_fin_ult1
12724629,ind_cco_fin_ult1
12724841,ind_cco_fin_ult1
12720415,ind_cco_fin_ult1
12719064,ind_cco_fin_ult1
12720362,ind_cco_fin_ult1
12723883,ind_cco_fin_ult1
12721483,ind_cco_fin_ult1
12718228,ind_cco_fin_ult1
12719544,ind_cco_fin_ult1
12718611,ind_cco_fin_ult1
12719689,ind_cco_fin_ult1
12723342,ind_cco_fin_ult1
12725671,ind_cco_fin_ult1
12720150,ind_cco_fin_ult1
12720315,ind_cco_fin_ult1
12724769,ind_cco_fin_ult1
12717533,ind_cco_fin_ult1
12717967,ind_cco_fin_ult1
12718010,ind_cco_fin_ult1
12720885,ind_cco_fin_ult1
12722846,ind_cco_fin_ult1
12724162,ind_cco_fin_ult1
12719876,ind_cco_fin_ult1
12721391,ind_cco_fin_ult1
12717979,ind_cco_fin_ult1
12721694,ind_cco_fin_ult1
12720062,ind_cco_fin_ult1
12716184,ind_cco_fin_ult1
12720630,ind_cco_fin_ult1
12719208,ind_cco_fin_ult1
12719391,ind_cco_fin_ult1
12716896,ind_cco_fin_ult1
12716323,ind_cco_fin_ult1
12720531,ind_cco_fin_ult1
12724871,ind_cco_fin_ult1
12718672,ind_cco_fin_ult1
12721720,ind_cco_fin_ult1
12725788,ind_cco_fin_ult1
12720333,ind_cco_fin_ult1
12716119,ind_cco_fin_ult1
12717995,ind_cco_fin_ult1
12724426,ind_cco_fin_ult1
12723518,ind_cco_fin_ult1
12723556,ind_cco_fin_ult1
12717100,ind_cco_fin_ult1
12721526,ind_cco_fin_ult1
12719911,ind_cco_fin_ult1
12725698,ind_cco_fin_ult1
12724890,ind_cco_fin_ult1
12718190,ind_cco_fin_ult1
12724179,ind_cco_fin_ult1
12716230,ind_cco_fin_ult1
12723370,ind_cco_fin_ult1
12717365,ind_cco_fin_ult1
12716533,ind_cco_fin_ult1
12717863,ind_cco_fin_ult1
12721757,ind_cco_fin_ult1
12719066,ind_cco_fin_ult1
12724887,ind_cco_fin_ult1
12720396,ind_cco_fin_ult1
12720912,ind_cco_fin_ult1
12722949,ind_cco_fin_ult1
12717957,ind_cco_fin_ult1
12721465,ind_cco_fin_ult1
12720698,ind_cco_fin_ult1
12721938,ind_cco_fin_ult1
12718405,ind_cco_fin_ult1
12717741,ind_cco_fin_ult1
12723365,ind_cco_fin_ult1
12722002,ind_cco_fin_ult1
12717196,ind_cco_fin_ult1
12724283,ind_cco_fin_ult1
12723548,ind_cco_fin_ult1
12716550,ind_cco_fin_ult1
12719524,ind_cco_fin_ult1
12718993,ind_cco_fin_ult1
12717218,ind_cco_fin_ult1
12717838,ind_cco_fin_ult1
12725804,ind_cco_fin_ult1
12716220,ind_cco_fin_ult1
12724178,ind_cco_fin_ult1
12723996,ind_cco_fin_ult1
12718681,ind_cco_fin_ult1
12719468,ind_cco_fin_ult1
12717631,ind_cco_fin_ult1
12718343,ind_cco_fin_ult1
12723912,ind_cco_fin_ult1
12722970,ind_cco_fin_ult1
12724631,ind_cco_fin_ult1
12721118,ind_cco_fin_ult1
12721925,ind_cco_fin_ult1
12723554,ind_cco_fin_ult1
12724665,ind_cco_fin_ult1
12719154,ind_cco_fin_ult1
12721187,ind_cco_fin_ult1
12718493,ind_cco_fin_ult1
12722232,ind_cco_fin_ult1
12719127,ind_cco_fin_ult1
12725541,ind_cco_fin_ult1
12722185,ind_cco_fin_ult1
12725737,ind_cco_fin_ult1
12721581,ind_cco_fin_ult1
12715860,ind_ecue_fin_ult1
12722824,ind_cco_fin_ult1
12724570,ind_cco_fin_ult1
12719350,ind_cco_fin_ult1
12725406,ind_cco_fin_ult1
12722243,ind_cco_fin_ult1
12718279,ind_cco_fin_ult1
12725601,ind_cco_fin_ult1
12719928,ind_cco_fin_ult1
12723874,ind_cco_fin_ult1
12722319,ind_cco_fin_ult1
12718739,ind_cco_fin_ult1
12723751,ind_cco_fin_ult1
12716476,ind_cco_fin_ult1
